,Unnamed: 0,日付,コード,銘柄名,市場・商品区分,33業種コード,33業種区分,17業種コード,17業種区分,規模コード,規模区分
340,340,20220531,1973,ＮＥＣネッツエスアイ,プライム（内国株式）,5250,情報・通信業,10,情報通信・サービスその他 ,6,TOPIX Small 1
399,399,20220531,2138,クルーズ,スタンダード（内国株式）,5250,情報・通信業,10,情報通信・サービスその他 ,-,-
467,467,20220531,2303,ドーン,スタンダード（内国株式）,5250,情報・通信業,10,情報通信・サービスその他 ,-,-
470,470,20220531,2307,クロスキャット,プライム（内国株式）,5250,情報・通信業,10,情報通信・サービスその他 ,7,TOPIX Small 2
473,473,20220531,2315,ＣＡＩＣＡ　ＤＩＧＩＴＡＬ,スタンダード（内国株式）,5250,情報・通信業,10,情報通信・サービスその他 ,-,-
474,474,20220531,2317,システナ,プライム（内国株式）,5250,情報・通信業,10,情報通信・サービスその他 ,6,TOPIX Small 1
475,475,20220531,2321,ソフトフロントホールディングス,グロース（内国株式）,5250,情報・通信業,10,情報通信・サービスその他 ,-,-
476,476,20220531,2323,ｆｏｎｆｕｎ,スタンダード（内国株式）,5250,情報・通信業,10,情報通信・サービスその他 ,-,-
478,478,20220531,2326,デジタルアーツ,プライム（内国株式）,5250,情報・通信業,10,情報通信・サービスその他 ,6,TOPIX Small 1
479,479,20220531,2327,日鉄ソリューションズ,プライム（内国株式）,5250,情報・通信業,10,情報通信・サービスその他 ,6,TOPIX Small 1
480,480,20220531,2329,東北新社,スタンダード（内国株式）,5250,情報・通信業,10,情報通信・サービスその他 ,-,-
481,481,20220531,2330,フォーサイド,スタンダード（内国株式）,5250,情報・通信業,10,情報通信・サービスその他 ,-,-
483,483,20220531,2332,クエスト,スタンダード（内国株式）,5250,情報・通信業,10,情報通信・サービスその他 ,-,-
485,485,20220531,2335,キューブシステム,プライム（内国株式）,5250,情報・通信業,10,情報通信・サービスその他 ,7,TOPIX Small 2
487,487,20220531,2338,クオンタムソリューションズ,スタンダード（内国株式）,5250,情報・通信業,10,情報通信・サービスその他 ,-,-
492,492,20220531,2345,クシム,スタンダード（内国株式）,5250,情報・通信業,10,情報通信・サービスその他 ,-,-
493,493,20220531,2349,エヌアイデイ,スタンダード（内国株式）,5250,情報・通信業,10,情報通信・サービスその他 ,-,-
494,494,20220531,2351,ＡＳＪ,グロース（内国株式）,5250,情報・通信業,10,情報通信・サービスその他 ,-,-
495,495,20220531,2352,ＷＯＷ　ＷＯＲＬＤ,プライム（内国株式）,5250,情報・通信業,10,情報通信・サービスその他 ,7,TOPIX Small 2
497,497,20220531,2354,ＹＥ　ＤＩＧＩＴＡＬ,スタンダード（内国株式）,5250,情報・通信業,10,情報通信・サービスその他 ,-,-
498,498,20220531,2359,コア,プライム（内国株式）,5250,情報・通信業,10,情報通信・サービスその他 ,7,TOPIX Small 2
521,521,20220531,2411,ゲンダイエージェンシー,スタンダード（内国株式）,5250,情報・通信業,10,情報通信・サービスその他 ,-,-
540,540,20220531,2452,コンピュータマインド,PRO Market,5250,情報・通信業,10,情報通信・サービスその他 ,-,-
551,551,20220531,2477,手間いらず,プライム（内国株式）,5250,情報・通信業,10,情報通信・サービスその他 ,7,TOPIX Small 2
553,553,20220531,2480,システム・ロケーション,スタンダード（内国株式）,5250,情報・通信業,10,情報通信・サービスその他 ,-,-
556,556,20220531,2484,出前館,スタンダード（内国株式）,5250,情報・通信業,10,情報通信・サービスその他 ,-,-
842,842,20220531,3031,ラクーンホールディングス,プライム（内国株式）,5250,情報・通信業,10,情報通信・サービスその他 ,6,TOPIX Small 1
848,848,20220531,3040,ソリトンシステムズ,プライム（内国株式）,5250,情報・通信業,10,情報通信・サービスその他 ,7,TOPIX Small 2
850,850,20220531,3042,セキュアヴェイル,グロース（内国株式）,5250,情報・通信業,10,情報通信・サービスその他 ,-,-
1034,1034,20220531,3371,ソフトクリエイトホールディングス,プライム（内国株式）,5250,情報・通信業,10,情報通信・サービスその他 ,7,TOPIX Small 2
1177,1177,20220531,3622,ネットイヤーグループ,グロース（内国株式）,5250,情報・通信業,10,情報通信・サービスその他 ,-,-
1178,1178,20220531,3623,ビリングシステム,グロース（内国株式）,5250,情報・通信業,10,情報通信・サービスその他 ,-,-
1179,1179,20220531,3624,アクセルマーク,グロース（内国株式）,5250,情報・通信業,10,情報通信・サービスその他 ,-,-
1180,1180,20220531,3625,テックファームホールディングス,グロース（内国株式）,5250,情報・通信業,10,情報通信・サービスその他 ,-,-
1181,1181,20220531,3626,ＴＩＳ,プライム（内国株式）,5250,情報・通信業,10,情報通信・サービスその他 ,4,TOPIX Mid400
1182,1182,20220531,3627,ＪＮＳホールディングス,プライム（内国株式）,5250,情報・通信業,10,情報通信・サービスその他 ,7,TOPIX Small 2
1183,1183,20220531,3628,データホライゾン,グロース（内国株式）,5250,情報・通信業,10,情報通信・サービスその他 ,-,-
1184,1184,20220531,3632,グリー,プライム（内国株式）,5250,情報・通信業,10,情報通信・サービスその他 ,6,TOPIX Small 1
1185,1185,20220531,3633,ＧＭＯペパボ,プライム（内国株式）,5250,情報・通信業,10,情報通信・サービスその他 ,7,TOPIX Small 2
1186,1186,20220531,3634,ソケッツ,スタンダード（内国株式）,5250,情報・通信業,10,情報通信・サービスその他 ,-,-
1187,1187,20220531,3635,コーエーテクモホールディングス,プライム（内国株式）,5250,情報・通信業,10,情報通信・サービスその他 ,4,TOPIX Mid400
1188,1188,20220531,3636,三菱総合研究所,プライム（内国株式）,5250,情報・通信業,10,情報通信・サービスその他 ,6,TOPIX Small 1
1189,1189,20220531,3639,ボルテージ,スタンダード（内国株式）,5250,情報・通信業,10,情報通信・サービスその他 ,7,TOPIX Small 2
1190,1190,20220531,3640,電算,スタンダード（内国株式）,5250,情報・通信業,10,情報通信・サービスその他 ,7,TOPIX Small 2
1191,1191,20220531,3641,パピレス,スタンダード（内国株式）,5250,情報・通信業,10,情報通信・サービスその他 ,-,-
1192,1192,20220531,3645,メディカルネット,グロース（内国株式）,5250,情報・通信業,10,情報通信・サービスその他 ,-,-
1193,1193,20220531,3646,駅探,グロース（内国株式）,5250,情報・通信業,10,情報通信・サービスその他 ,-,-
1194,1194,20220531,3647,ジー・スリーホールディングス,スタンダード（内国株式）,5250,情報・通信業,10,情報通信・サービスその他 ,-,-
1195,1195,20220531,3648,ＡＧＳ,スタンダード（内国株式）,5250,情報・通信業,10,情報通信・サービスその他 ,7,TOPIX Small 2
1196,1196,20220531,3649,ファインデックス,プライム（内国株式）,5250,情報・通信業,10,情報通信・サービスその他 ,7,TOPIX Small 2
1197,1197,20220531,3652,ディジタルメディアプロフェッショナル,グロース（内国株式）,5250,情報・通信業,10,情報通信・サービスその他 ,-,-
1198,1198,20220531,3653,モルフォ,グロース（内国株式）,5250,情報・通信業,10,情報通信・サービスその他 ,-,-
1199,1199,20220531,3655,ブレインパッド,プライム（内国株式）,5250,情報・通信業,10,情報通信・サービスその他 ,6,TOPIX Small 1
1200,1200,20220531,3656,ＫＬａｂ,プライム（内国株式）,5250,情報・通信業,10,情報通信・サービスその他 ,6,TOPIX Small 1
1201,1201,20220531,3657,ポールトゥウィンホールディングス,プライム（内国株式）,5250,情報・通信業,10,情報通信・サービスその他 ,6,TOPIX Small 1
1202,1202,20220531,3659,ネクソン,プライム（内国株式）,5250,情報・通信業,10,情報通信・サービスその他 ,4,TOPIX Mid400
1203,1203,20220531,3660,アイスタイル,プライム（内国株式）,5250,情報・通信業,10,情報通信・サービスその他 ,6,TOPIX Small 1
1204,1204,20220531,3661,エムアップホールディングス,プライム（内国株式）,5250,情報・通信業,10,情報通信・サービスその他 ,7,TOPIX Small 2
1205,1205,20220531,3662,エイチーム,プライム（内国株式）,5250,情報・通信業,10,情報通信・サービスその他 ,7,TOPIX Small 2
1206,1206,20220531,3663,アートスパークホールディングス,スタンダード（内国株式）,5250,情報・通信業,10,情報通信・サービスその他 ,-,-
1207,1207,20220531,3664,モブキャストホールディングス,グロース（内国株式）,5250,情報・通信業,10,情報通信・サービスその他 ,-,-
1208,1208,20220531,3665,エニグモ,プライム（内国株式）,5250,情報・通信業,10,情報通信・サービスその他 ,6,TOPIX Small 1
1209,1209,20220531,3666,テクノスジャパン,プライム（内国株式）,5250,情報・通信業,10,情報通信・サービスその他 ,7,TOPIX Small 2
1210,1210,20220531,3667,ｅｎｉｓｈ,スタンダード（内国株式）,5250,情報・通信業,10,情報通信・サービスその他 ,7,TOPIX Small 2
1211,1211,20220531,3668,コロプラ,プライム（内国株式）,5250,情報・通信業,10,情報通信・サービスその他 ,6,TOPIX Small 1
1212,1212,20220531,3670,協立情報通信,スタンダード（内国株式）,5250,情報・通信業,10,情報通信・サービスその他 ,-,-
1213,1213,20220531,3671,ソフトマックス,グロース（内国株式）,5250,情報・通信業,10,情報通信・サービスその他 ,-,-
1214,1214,20220531,3672,オルトプラス,スタンダード（内国株式）,5250,情報・通信業,10,情報通信・サービスその他 ,7,TOPIX Small 2
1215,1215,20220531,3673,ブロードリーフ,プライム（内国株式）,5250,情報・通信業,10,情報通信・サービスその他 ,6,TOPIX Small 1
1216,1216,20220531,3674,オークファン,グロース（内国株式）,5250,情報・通信業,10,情報通信・サービスその他 ,-,-
1217,1217,20220531,3675,クロス・マーケティンググループ,プライム（内国株式）,5250,情報・通信業,10,情報通信・サービスその他 ,7,TOPIX Small 2
1218,1218,20220531,3676,デジタルハーツホールディングス,プライム（内国株式）,5250,情報・通信業,10,情報通信・サービスその他 ,7,TOPIX Small 2
1219,1219,20220531,3677,システム情報,プライム（内国株式）,5250,情報・通信業,10,情報通信・サービスその他 ,7,TOPIX Small 2
1220,1220,20220531,3678,メディアドゥ,プライム（内国株式）,5250,情報・通信業,10,情報通信・サービスその他 ,6,TOPIX Small 1
1221,1221,20220531,3679,じげん,プライム（内国株式）,5250,情報・通信業,10,情報通信・サービスその他 ,7,TOPIX Small 2
1222,1222,20220531,3680,ホットリンク,グロース（内国株式）,5250,情報・通信業,10,情報通信・サービスその他 ,-,-
1223,1223,20220531,3681,ブイキューブ,プライム（内国株式）,5250,情報・通信業,10,情報通信・サービスその他 ,6,TOPIX Small 1
1224,1224,20220531,3682,エンカレッジ・テクノロジ,スタンダード（内国株式）,5250,情報・通信業,10,情報通信・サービスその他 ,7,TOPIX Small 2
1225,1225,20220531,3683,サイバーリンクス,プライム（内国株式）,5250,情報・通信業,10,情報通信・サービスその他 ,7,TOPIX Small 2
1226,1226,20220531,3686,ディー・エル・イー,スタンダード（内国株式）,5250,情報・通信業,10,情報通信・サービスその他 ,7,TOPIX Small 2
1227,1227,20220531,3687,フィックスターズ,プライム（内国株式）,5250,情報・通信業,10,情報通信・サービスその他 ,7,TOPIX Small 2
1228,1228,20220531,3688,ＣＡＲＴＡ　ＨＯＬＤＩＮＧＳ,プライム（内国株式）,5250,情報・通信業,10,情報通信・サービスその他 ,7,TOPIX Small 2
1229,1229,20220531,3690,イルグルム,グロース（内国株式）,5250,情報・通信業,10,情報通信・サービスその他 ,-,-
1230,1230,20220531,3691,デジタルプラス,グロース（内国株式）,5250,情報・通信業,10,情報通信・サービスその他 ,-,-
1231,1231,20220531,3692,ＦＦＲＩセキュリティ,グロース（内国株式）,5250,情報・通信業,10,情報通信・サービスその他 ,-,-
1232,1232,20220531,3694,オプティム,プライム（内国株式）,5250,情報・通信業,10,情報通信・サービスその他 ,6,TOPIX Small 1
1233,1233,20220531,3695,ＧＭＯリサーチ,グロース（内国株式）,5250,情報・通信業,10,情報通信・サービスその他 ,-,-
1234,1234,20220531,3696,セレス,プライム（内国株式）,5250,情報・通信業,10,情報通信・サービスその他 ,7,TOPIX Small 2
1235,1235,20220531,3697,ＳＨＩＦＴ,プライム（内国株式）,5250,情報・通信業,10,情報通信・サービスその他 ,4,TOPIX Mid400
1236,1236,20220531,3698,ＣＲＩ・ミドルウェア,グロース（内国株式）,5250,情報・通信業,10,情報通信・サービスその他 ,-,-
1238,1238,20220531,3710,ジョルダン,スタンダード（内国株式）,5250,情報・通信業,10,情報通信・サービスその他 ,-,-
1239,1239,20220531,3712,情報企画,スタンダード（内国株式）,5250,情報・通信業,10,情報通信・サービスその他 ,-,-
1240,1240,20220531,3719,ジェクシード,スタンダード（内国株式）,5250,情報・通信業,10,情報通信・サービスその他 ,-,-
1241,1241,20220531,3723,日本ファルコム,グロース（内国株式）,5250,情報・通信業,10,情報通信・サービスその他 ,-,-
1243,1243,20220531,3727,アプリックス,グロース（内国株式）,5250,情報・通信業,10,情報通信・サービスその他 ,-,-
1244,1244,20220531,3733,ソフトウェア・サービス,スタンダード（内国株式）,5250,情報・通信業,10,情報通信・サービスその他 ,-,-
1245,1245,20220531,3738,ティーガイア,プライム（内国株式）,5250,情報・通信業,10,情報通信・サービスその他 ,6,TOPIX Small 1
1246,1246,20220531,3741,セック,プライム（内国株式）,5250,情報・通信業,10,情報通信・サービスその他 ,7,TOPIX Small 2
1247,1247,20220531,3744,サイオス,スタンダード（内国株式）,5250,情報・通信業,10,情報通信・サービスその他 ,-,-
1248,1248,20220531,3747,インタートレード,スタンダード（内国株式）,5250,情報・通信業,10,情報通信・サービスその他 ,-,-
1249,1249,20220531,3750,ＦＲＡＣＴＡＬＥ,スタンダード（内国株式）,5250,情報・通信業,10,情報通信・サービスその他 ,-,-
1250,1250,20220531,3753,フライトホールディングス,スタンダード（内国株式）,5250,情報・通信業,10,情報通信・サービスその他 ,-,-
1251,1251,20220531,3758,アエリア,スタンダード（内国株式）,5250,情報・通信業,10,情報通信・サービスその他 ,-,-
1252,1252,20220531,3760,ケイブ,スタンダード（内国株式）,5250,情報・通信業,10,情報通信・サービスその他 ,-,-
1253,1253,20220531,3762,テクマトリックス,プライム（内国株式）,5250,情報・通信業,10,情報通信・サービスその他 ,6,TOPIX Small 1
1254,1254,20220531,3763,プロシップ,プライム（内国株式）,5250,情報・通信業,10,情報通信・サービスその他 ,7,TOPIX Small 2
1255,1255,20220531,3765,ガンホー・オンライン・エンターテイメント,プライム（内国株式）,5250,情報・通信業,10,情報通信・サービスその他 ,4,TOPIX Mid400
1256,1256,20220531,3766,システムズ・デザイン,スタンダード（内国株式）,5250,情報・通信業,10,情報通信・サービスその他 ,-,-
1257,1257,20220531,3768,リスクモンスター,スタンダード（内国株式）,5250,情報・通信業,10,情報通信・サービスその他 ,-,-
1258,1258,20220531,3769,ＧＭＯペイメントゲートウェイ,プライム（内国株式）,5250,情報・通信業,10,情報通信・サービスその他 ,4,TOPIX Mid400
1259,1259,20220531,3770,ザッパラス,スタンダード（内国株式）,5250,情報・通信業,10,情報通信・サービスその他 ,7,TOPIX Small 2
1260,1260,20220531,3771,システムリサーチ,プライム（内国株式）,5250,情報・通信業,10,情報通信・サービスその他 ,7,TOPIX Small 2
1262,1262,20220531,3773,アドバンスト・メディア,グロース（内国株式）,5250,情報・通信業,10,情報通信・サービスその他 ,-,-
1263,1263,20220531,3774,インターネットイニシアティブ,プライム（内国株式）,5250,情報・通信業,10,情報通信・サービスその他 ,4,TOPIX Mid400
1264,1264,20220531,3776,ブロードバンドタワー,スタンダード（内国株式）,5250,情報・通信業,10,情報通信・サービスその他 ,-,-
1265,1265,20220531,3777,ＦＨＴホールディングス,グロース（内国株式）,5250,情報・通信業,10,情報通信・サービスその他 ,-,-
1266,1266,20220531,3778,さくらインターネット,プライム（内国株式）,5250,情報・通信業,10,情報通信・サービスその他 ,7,TOPIX Small 2
1267,1267,20220531,3779,ジェイ・エスコムホールディングス,スタンダード（内国株式）,5250,情報・通信業,10,情報通信・サービスその他 ,-,-
1268,1268,20220531,3782,ディー・ディー・エス,グロース（内国株式）,5250,情報・通信業,10,情報通信・サービスその他 ,-,-
1269,1269,20220531,3784,ヴィンクス,スタンダード（内国株式）,5250,情報・通信業,10,情報通信・サービスその他 ,7,TOPIX Small 2
1270,1270,20220531,3787,テクノマセマティカル,スタンダード（内国株式）,5250,情報・通信業,10,情報通信・サービスその他 ,-,-
1271,1271,20220531,3788,ＧＭＯグローバルサイン・ホールディングス,プライム（内国株式）,5250,情報・通信業,10,情報通信・サービスその他 ,7,TOPIX Small 2
1272,1272,20220531,3791,ＩＧポート,スタンダード（内国株式）,5250,情報・通信業,10,情報通信・サービスその他 ,-,-
1273,1273,20220531,3793,ドリコム,グロース（内国株式）,5250,情報・通信業,10,情報通信・サービスその他 ,-,-
1274,1274,20220531,3796,いい生活,スタンダード（内国株式）,5250,情報・通信業,10,情報通信・サービスその他 ,-,-
1275,1275,20220531,3798,ＵＬＳグループ,スタンダード（内国株式）,5250,情報・通信業,10,情報通信・サービスその他 ,-,-
1276,1276,20220531,3799,キーウェアソリューションズ,スタンダード（内国株式）,5250,情報・通信業,10,情報通信・サービスその他 ,-,-
1277,1277,20220531,3800,ユニリタ,スタンダード（内国株式）,5250,情報・通信業,10,情報通信・サービスその他 ,-,-
1278,1278,20220531,3802,エコミック,スタンダード（内国株式）,5250,情報・通信業,10,情報通信・サービスその他 ,-,-
1279,1279,20220531,3803,イメージ情報開発,グロース（内国株式）,5250,情報・通信業,10,情報通信・サービスその他 ,-,-
1280,1280,20220531,3804,システム　ディ,スタンダード（内国株式）,5250,情報・通信業,10,情報通信・サービスその他 ,-,-
1281,1281,20220531,3807,フィスコ,グロース（内国株式）,5250,情報・通信業,10,情報通信・サービスその他 ,-,-
1282,1282,20220531,3810,サイバーステップ,スタンダード（内国株式）,5250,情報・通信業,10,情報通信・サービスその他 ,-,-
1283,1283,20220531,3814,アルファクス・フード・システム,グロース（内国株式）,5250,情報・通信業,10,情報通信・サービスその他 ,-,-
1284,1284,20220531,3815,メディア工房,グロース（内国株式）,5250,情報・通信業,10,情報通信・サービスその他 ,-,-
1285,1285,20220531,3816,大和コンピューター,スタンダード（内国株式）,5250,情報・通信業,10,情報通信・サービスその他 ,-,-
1286,1286,20220531,3817,ＳＲＡホールディングス,プライム（内国株式）,5250,情報・通信業,10,情報通信・サービスその他 ,7,TOPIX Small 2
1287,1287,20220531,3823,ＴＨＥ　ＷＨＹ　ＨＯＷ　ＤＯ　ＣＯＭＰＡＮＹ,スタンダード（内国株式）,5250,情報・通信業,10,情報通信・サービスその他 ,-,-
1288,1288,20220531,3825,リミックスポイント,スタンダード（内国株式）,5250,情報・通信業,10,情報通信・サービスその他 ,-,-
1289,1289,20220531,3826,システムインテグレータ,スタンダード（内国株式）,5250,情報・通信業,10,情報通信・サービスその他 ,7,TOPIX Small 2
1290,1290,20220531,3834,朝日ネット,プライム（内国株式）,5250,情報・通信業,10,情報通信・サービスその他 ,7,TOPIX Small 2
1291,1291,20220531,3835,ｅＢＡＳＥ,プライム（内国株式）,5250,情報・通信業,10,情報通信・サービスその他 ,7,TOPIX Small 2
1292,1292,20220531,3836,アバント,プライム（内国株式）,5250,情報・通信業,10,情報通信・サービスその他 ,6,TOPIX Small 1
1293,1293,20220531,3837,アドソル日進,プライム（内国株式）,5250,情報・通信業,10,情報通信・サービスその他 ,7,TOPIX Small 2
1294,1294,20220531,3839,ＯＤＫソリューションズ,プライム（内国株式）,5250,情報・通信業,10,情報通信・サービスその他 ,7,TOPIX Small 2
1295,1295,20220531,3840,パス,スタンダード（内国株式）,5250,情報・通信業,10,情報通信・サービスその他 ,-,-
1296,1296,20220531,3841,ジーダット,スタンダード（内国株式）,5250,情報・通信業,10,情報通信・サービスその他 ,-,-
1297,1297,20220531,3842,ネクストジェン,グロース（内国株式）,5250,情報・通信業,10,情報通信・サービスその他 ,-,-
1298,1298,20220531,3843,フリービット,プライム（内国株式）,5250,情報・通信業,10,情報通信・サービスその他 ,7,TOPIX Small 2
1299,1299,20220531,3844,コムチュア,プライム（内国株式）,5250,情報・通信業,10,情報通信・サービスその他 ,6,TOPIX Small 1
1300,1300,20220531,3845,アイフリークモバイル,スタンダード（内国株式）,5250,情報・通信業,10,情報通信・サービスその他 ,-,-
1301,1301,20220531,3847,パシフィックシステム,スタンダード（内国株式）,5250,情報・通信業,10,情報通信・サービスその他 ,-,-
1302,1302,20220531,3848,データ・アプリケーション,スタンダード（内国株式）,5250,情報・通信業,10,情報通信・サービスその他 ,-,-
1303,1303,20220531,3850,エヌ・ティ・ティ・データ・イントラマート,スタンダード（内国株式）,5250,情報・通信業,10,情報通信・サービスその他 ,-,-
1304,1304,20220531,3851,日本一ソフトウェア,スタンダード（内国株式）,5250,情報・通信業,10,情報通信・サービスその他 ,-,-
1305,1305,20220531,3852,サイバーコム,スタンダード（内国株式）,5250,情報・通信業,10,情報通信・サービスその他 ,7,TOPIX Small 2
1306,1306,20220531,3853,アステリア,プライム（内国株式）,5250,情報・通信業,10,情報通信・サービスその他 ,7,TOPIX Small 2
1307,1307,20220531,3854,アイル,プライム（内国株式）,5250,情報・通信業,10,情報通信・サービスその他 ,7,TOPIX Small 2
1309,1309,20220531,3857,ラック,スタンダード（内国株式）,5250,情報・通信業,10,情報通信・サービスその他 ,-,-
1310,1310,20220531,3858,ユビキタスＡＩコーポレーション,スタンダード（内国株式）,5250,情報・通信業,10,情報通信・サービスその他 ,-,-
1322,1322,20220531,3900,クラウドワークス,グロース（内国株式）,5250,情報・通信業,10,情報通信・サービスその他 ,-,-
1323,1323,20220531,3901,マークラインズ,プライム（内国株式）,5250,情報・通信業,10,情報通信・サービスその他 ,6,TOPIX Small 1
1324,1324,20220531,3902,メディカル・データ・ビジョン,プライム（内国株式）,5250,情報・通信業,10,情報通信・サービスその他 ,6,TOPIX Small 1
1325,1325,20220531,3903,ｇｕｍｉ,プライム（内国株式）,5250,情報・通信業,10,情報通信・サービスその他 ,6,TOPIX Small 1
1326,1326,20220531,3904,カヤック,グロース（内国株式）,5250,情報・通信業,10,情報通信・サービスその他 ,-,-
1327,1327,20220531,3905,データセクション,グロース（内国株式）,5250,情報・通信業,10,情報通信・サービスその他 ,-,-
1328,1328,20220531,3906,ＡＬＢＥＲＴ,グロース（内国株式）,5250,情報・通信業,10,情報通信・サービスその他 ,-,-
1329,1329,20220531,3907,シリコンスタジオ,グロース（内国株式）,5250,情報・通信業,10,情報通信・サービスその他 ,-,-
1330,1330,20220531,3908,コラボス,グロース（内国株式）,5250,情報・通信業,10,情報通信・サービスその他 ,-,-
1331,1331,20220531,3909,ショーケース,スタンダード（内国株式）,5250,情報・通信業,10,情報通信・サービスその他 ,7,TOPIX Small 2
1332,1332,20220531,3910,エムケイシステム,スタンダード（内国株式）,5250,情報・通信業,10,情報通信・サービスその他 ,-,-
1333,1333,20220531,3911,Ａｉｍｉｎｇ,グロース（内国株式）,5250,情報・通信業,10,情報通信・サービスその他 ,-,-
1334,1334,20220531,3912,モバイルファクトリー,プライム（内国株式）,5250,情報・通信業,10,情報通信・サービスその他 ,7,TOPIX Small 2
1335,1335,20220531,3913,ｓＭｅｄｉｏ,グロース（内国株式）,5250,情報・通信業,10,情報通信・サービスその他 ,-,-
1336,1336,20220531,3914,ＪＩＧ－ＳＡＷ,グロース（内国株式）,5250,情報・通信業,10,情報通信・サービスその他 ,-,-
1337,1337,20220531,3915,テラスカイ,プライム（内国株式）,5250,情報・通信業,10,情報通信・サービスその他 ,7,TOPIX Small 2
1338,1338,20220531,3916,デジタル・インフォメーション・テクノロジー,プライム（内国株式）,5250,情報・通信業,10,情報通信・サービスその他 ,7,TOPIX Small 2
1339,1339,20220531,3917,アイリッジ,グロース（内国株式）,5250,情報・通信業,10,情報通信・サービスその他 ,-,-
1340,1340,20220531,3918,ＰＣＩホールディングス,プライム（内国株式）,5250,情報・通信業,10,情報通信・サービスその他 ,7,TOPIX Small 2
1341,1341,20220531,3919,パイプドＨＤ,スタンダード（内国株式）,5250,情報・通信業,10,情報通信・サービスその他 ,7,TOPIX Small 2
1342,1342,20220531,3920,アイビーシー,スタンダード（内国株式）,5250,情報・通信業,10,情報通信・サービスその他 ,7,TOPIX Small 2
1343,1343,20220531,3921,ネオジャパン,プライム（内国株式）,5250,情報・通信業,10,情報通信・サービスその他 ,7,TOPIX Small 2
1344,1344,20220531,3922,ＰＲ　ＴＩＭＥＳ,プライム（内国株式）,5250,情報・通信業,10,情報通信・サービスその他 ,7,TOPIX Small 2
1345,1345,20220531,3923,ラクス,プライム（内国株式）,5250,情報・通信業,10,情報通信・サービスその他 ,4,TOPIX Mid400
1346,1346,20220531,3924,ランドコンピュータ,プライム（内国株式）,5250,情報・通信業,10,情報通信・サービスその他 ,7,TOPIX Small 2
1347,1347,20220531,3925,ダブルスタンダード,プライム（内国株式）,5250,情報・通信業,10,情報通信・サービスその他 ,7,TOPIX Small 2
1348,1348,20220531,3926,オープンドア,プライム（内国株式）,5250,情報・通信業,10,情報通信・サービスその他 ,6,TOPIX Small 1
1349,1349,20220531,3927,フーバーブレイン,グロース（内国株式）,5250,情報・通信業,10,情報通信・サービスその他 ,-,-
1350,1350,20220531,3928,マイネット,プライム（内国株式）,5250,情報・通信業,10,情報通信・サービスその他 ,7,TOPIX Small 2
1351,1351,20220531,3929,ソーシャルワイヤー,グロース（内国株式）,5250,情報・通信業,10,情報通信・サービスその他 ,-,-
1352,1352,20220531,3930,はてな,グロース（内国株式）,5250,情報・通信業,10,情報通信・サービスその他 ,-,-
1353,1353,20220531,3931,バリューゴルフ,グロース（内国株式）,5250,情報・通信業,10,情報通信・サービスその他 ,-,-
1354,1354,20220531,3932,アカツキ,プライム（内国株式）,5250,情報・通信業,10,情報通信・サービスその他 ,6,TOPIX Small 1
1355,1355,20220531,3933,チエル,スタンダード（内国株式）,5250,情報・通信業,10,情報通信・サービスその他 ,-,-
1356,1356,20220531,3934,ベネフィットジャパン,プライム（内国株式）,5250,情報・通信業,10,情報通信・サービスその他 ,7,TOPIX Small 2
1357,1357,20220531,3935,エディア,グロース（内国株式）,5250,情報・通信業,10,情報通信・サービスその他 ,-,-
1358,1358,20220531,3936,グローバルウェイ,グロース（内国株式）,5250,情報・通信業,10,情報通信・サービスその他 ,-,-
1359,1359,20220531,3937,Ｕｂｉｃｏｍホールディングス,プライム（内国株式）,5250,情報・通信業,10,情報通信・サービスその他 ,7,TOPIX Small 2
1360,1360,20220531,3939,カナミックネットワーク,プライム（内国株式）,5250,情報・通信業,10,情報通信・サービスその他 ,7,TOPIX Small 2
1361,1361,20220531,3940,ノムラシステムコーポレーション,プライム（内国株式）,5250,情報・通信業,10,情報通信・サービスその他 ,7,TOPIX Small 2
1374,1374,20220531,3961,シルバーエッグ・テクノロジー,グロース（内国株式）,5250,情報・通信業,10,情報通信・サービスその他 ,-,-
1375,1375,20220531,3962,チェンジ,プライム（内国株式）,5250,情報・通信業,10,情報通信・サービスその他 ,6,TOPIX Small 1
1376,1376,20220531,3963,シンクロ・フード,プライム（内国株式）,5250,情報・通信業,10,情報通信・サービスその他 ,7,TOPIX Small 2
1377,1377,20220531,3964,オークネット,プライム（内国株式）,5250,情報・通信業,10,情報通信・サービスその他 ,7,TOPIX Small 2
1378,1378,20220531,3965,キャピタル・アセット・プランニング,スタンダード（内国株式）,5250,情報・通信業,10,情報通信・サービスその他 ,7,TOPIX Small 2
1379,1379,20220531,3966,ユーザベース,グロース（内国株式）,5250,情報・通信業,10,情報通信・サービスその他 ,-,-
1380,1380,20220531,3967,エルテス,グロース（内国株式）,5250,情報・通信業,10,情報通信・サービスその他 ,-,-
1381,1381,20220531,3968,セグエグループ,プライム（内国株式）,5250,情報・通信業,10,情報通信・サービスその他 ,7,TOPIX Small 2
1382,1382,20220531,3969,エイトレッド,スタンダード（内国株式）,5250,情報・通信業,10,情報通信・サービスその他 ,7,TOPIX Small 2
1383,1383,20220531,3970,イノベーション,グロース（内国株式）,5250,情報・通信業,10,情報通信・サービスその他 ,-,-
1384,1384,20220531,3974,ティビィシィ・スキヤツト,スタンダード（内国株式）,5250,情報・通信業,10,情報通信・サービスその他 ,-,-
1385,1385,20220531,3976,シャノン,グロース（内国株式）,5250,情報・通信業,10,情報通信・サービスその他 ,-,-
1386,1386,20220531,3978,マクロミル,プライム（内国株式）,5250,情報・通信業,10,情報通信・サービスその他 ,6,TOPIX Small 1
1387,1387,20220531,3979,うるる,グロース（内国株式）,5250,情報・通信業,10,情報通信・サービスその他 ,-,-
1388,1388,20220531,3981,ビーグリー,プライム（内国株式）,5250,情報・通信業,10,情報通信・サービスその他 ,7,TOPIX Small 2
1389,1389,20220531,3983,オロ,プライム（内国株式）,5250,情報・通信業,10,情報通信・サービスその他 ,7,TOPIX Small 2
1390,1390,20220531,3984,ユーザーローカル,プライム（内国株式）,5250,情報・通信業,10,情報通信・サービスその他 ,7,TOPIX Small 2
1391,1391,20220531,3985,テモナ,プライム（内国株式）,5250,情報・通信業,10,情報通信・サービスその他 ,7,TOPIX Small 2
1392,1392,20220531,3986,ビーブレイクシステムズ,グロース（内国株式）,5250,情報・通信業,10,情報通信・サービスその他 ,-,-
1393,1393,20220531,3987,エコモット,グロース（内国株式）,5250,情報・通信業,10,情報通信・サービスその他 ,-,-
1394,1394,20220531,3988,ＳＹＳホールディングス,スタンダード（内国株式）,5250,情報・通信業,10,情報通信・サービスその他 ,-,-
1395,1395,20220531,3989,シェアリングテクノロジー,グロース（内国株式）,5250,情報・通信業,10,情報通信・サービスその他 ,-,-
1396,1396,20220531,3990,ＵＵＵＭ,グロース（内国株式）,5250,情報・通信業,10,情報通信・サービスその他 ,-,-
1397,1397,20220531,3991,ウォンテッドリー,グロース（内国株式）,5250,情報・通信業,10,情報通信・サービスその他 ,-,-
1398,1398,20220531,3992,ニーズウェル,プライム（内国株式）,5250,情報・通信業,10,情報通信・サービスその他 ,7,TOPIX Small 2
1399,1399,20220531,3993,ＰＫＳＨＡ　Ｔｅｃｈｎｏｌｏｇｙ,グロース（内国株式）,5250,情報・通信業,10,情報通信・サービスその他 ,-,-
1400,1400,20220531,3994,マネーフォワード,プライム（内国株式）,5250,情報・通信業,10,情報通信・サービスその他 ,4,TOPIX Mid400
1401,1401,20220531,3995,ＳＫＩＹＡＫＩ,グロース（内国株式）,5250,情報・通信業,10,情報通信・サービスその他 ,-,-
1402,1402,20220531,3996,サインポスト,プライム（内国株式）,5250,情報・通信業,10,情報通信・サービスその他 ,7,TOPIX Small 2
1403,1403,20220531,3997,トレードワークス,スタンダード（内国株式）,5250,情報・通信業,10,情報通信・サービスその他 ,-,-
1404,1404,20220531,3998,すららネット,グロース（内国株式）,5250,情報・通信業,10,情報通信・サービスその他 ,-,-
1405,1405,20220531,3999,ナレッジスイート,グロース（内国株式）,5250,情報・通信業,10,情報通信・サービスその他 ,-,-
1409,1409,20220531,4011,ヘッドウォータース,グロース（内国株式）,5250,情報・通信業,10,情報通信・サービスその他 ,-,-
1410,1410,20220531,4012,アクシス,グロース（内国株式）,5250,情報・通信業,10,情報通信・サービスその他 ,-,-
1411,1411,20220531,4013,勤次郎,グロース（内国株式）,5250,情報・通信業,10,情報通信・サービスその他 ,-,-
1412,1412,20220531,4014,カラダノート,グロース（内国株式）,5250,情報・通信業,10,情報通信・サービスその他 ,-,-
1413,1413,20220531,4015,アララ,グロース（内国株式）,5250,情報・通信業,10,情報通信・サービスその他 ,-,-
1414,1414,20220531,4016,ＭＩＴホールディングス,スタンダード（内国株式）,5250,情報・通信業,10,情報通信・サービスその他 ,-,-
1415,1415,20220531,4017,クリーマ,グロース（内国株式）,5250,情報・通信業,10,情報通信・サービスその他 ,-,-
1416,1416,20220531,4019,スタメン,グロース（内国株式）,5250,情報・通信業,10,情報通信・サービスその他 ,-,-
1417,1417,20220531,4020,ビートレンド,グロース（内国株式）,5250,情報・通信業,10,情報通信・サービスその他 ,-,-
1433,1433,20220531,4051,ＧＭＯフィナンシャルゲート,グロース（内国株式）,5250,情報・通信業,10,情報通信・サービスその他 ,-,-
1434,1434,20220531,4052,フィーチャ,グロース（内国株式）,5250,情報・通信業,10,情報通信・サービスその他 ,-,-
1435,1435,20220531,4053,Ｓｕｎ　Ａｓｔｅｒｉｓｋ,グロース（内国株式）,5250,情報・通信業,10,情報通信・サービスその他 ,-,-
1436,1436,20220531,4054,日本情報クリエイト,グロース（内国株式）,5250,情報・通信業,10,情報通信・サービスその他 ,-,-
1437,1437,20220531,4055,ティアンドエス,グロース（内国株式）,5250,情報・通信業,10,情報通信・サービスその他 ,-,-
1438,1438,20220531,4056,ニューラルポケット,グロース（内国株式）,5250,情報・通信業,10,情報通信・サービスその他 ,-,-
1439,1439,20220531,4057,インターファクトリー,グロース（内国株式）,5250,情報・通信業,10,情報通信・サービスその他 ,-,-
1440,1440,20220531,4058,トヨクモ,グロース（内国株式）,5250,情報・通信業,10,情報通信・サービスその他 ,-,-
1441,1441,20220531,4059,まぐまぐ,スタンダード（内国株式）,5250,情報・通信業,10,情報通信・サービスその他 ,-,-
1442,1442,20220531,4060,ｒａｋｕｍｏ,グロース（内国株式）,5250,情報・通信業,10,情報通信・サービスその他 ,-,-
1447,1447,20220531,4068,ベイシス,グロース（内国株式）,5250,情報・通信業,10,情報通信・サービスその他 ,-,-
1448,1448,20220531,4069,ＢｌｕｅＭｅｍｅ,グロース（内国株式）,5250,情報・通信業,10,情報通信・サービスその他 ,-,-
1449,1449,20220531,4071,プラスアルファ・コンサルティング,グロース（内国株式）,5250,情報・通信業,10,情報通信・サービスその他 ,-,-
1450,1450,20220531,4072,電算システムホールディングス,プライム（内国株式）,5250,情報・通信業,10,情報通信・サービスその他 ,7,TOPIX Small 2
1451,1451,20220531,4073,ジィ・シィ企画,グロース（内国株式）,5250,情報・通信業,10,情報通信・サービスその他 ,-,-
1452,1452,20220531,4074,ラキール,グロース（内国株式）,5250,情報・通信業,10,情報通信・サービスその他 ,-,-
1453,1453,20220531,4075,ブレインズテクノロジー,グロース（内国株式）,5250,情報・通信業,10,情報通信・サービスその他 ,-,-
1454,1454,20220531,4076,シイエヌエス,グロース（内国株式）,5250,情報・通信業,10,情報通信・サービスその他 ,-,-
1481,1481,20220531,4165,プレイド,グロース（内国株式）,5250,情報・通信業,10,情報通信・サービスその他 ,-,-
1482,1482,20220531,4166,かっこ,グロース（内国株式）,5250,情報・通信業,10,情報通信・サービスその他 ,-,-
1483,1483,20220531,4167,ココペリ,グロース（内国株式）,5250,情報・通信業,10,情報通信・サービスその他 ,-,-
1484,1484,20220531,4168,ヤプリ,グロース（内国株式）,5250,情報・通信業,10,情報通信・サービスその他 ,-,-
1485,1485,20220531,4169,ＥＮＥＣＨＡＮＧＥ,グロース（内国株式）,5250,情報・通信業,10,情報通信・サービスその他 ,-,-
1486,1486,20220531,4170,Ｋａｉｚｅｎ　Ｐｌａｔｆｏｒｍ,グロース（内国株式）,5250,情報・通信業,10,情報通信・サービスその他 ,-,-
1487,1487,20220531,4171,グローバルインフォメーション,スタンダード（内国株式）,5250,情報・通信業,10,情報通信・サービスその他 ,-,-
1488,1488,20220531,4172,東和ハイシステム,スタンダード（内国株式）,5250,情報・通信業,10,情報通信・サービスその他 ,-,-
1489,1489,20220531,4173,ＷＡＣＵＬ,グロース（内国株式）,5250,情報・通信業,10,情報通信・サービスその他 ,-,-
1490,1490,20220531,4174,アピリッツ,スタンダード（内国株式）,5250,情報・通信業,10,情報通信・サービスその他 ,-,-
1491,1491,20220531,4175,ｃｏｌｙ,グロース（内国株式）,5250,情報・通信業,10,情報通信・サービスその他 ,-,-
1492,1492,20220531,4176,ココナラ,グロース（内国株式）,5250,情報・通信業,10,情報通信・サービスその他 ,-,-
1493,1493,20220531,4177,ｉ‐ｐｌｕｇ,グロース（内国株式）,5250,情報・通信業,10,情報通信・サービスその他 ,-,-
1494,1494,20220531,4178,Ｓｈａｒｉｎｇ　Ｉｎｎｏｖａｔｉｏｎｓ,グロース（内国株式）,5250,情報・通信業,10,情報通信・サービスその他 ,-,-
1495,1495,20220531,4179,ジーネクスト,グロース（内国株式）,5250,情報・通信業,10,情報通信・サービスその他 ,-,-
1496,1496,20220531,4180,Ａｐｐｉｅｒ　Ｇｒｏｕｐ,グロース（内国株式）,5250,情報・通信業,10,情報通信・サービスその他 ,-,-
1504,1504,20220531,4192,スパイダープラス,グロース（内国株式）,5250,情報・通信業,10,情報通信・サービスその他 ,-,-
1505,1505,20220531,4193,ファブリカコミュニケーションズ,スタンダード（内国株式）,5250,情報・通信業,10,情報通信・サービスその他 ,-,-
1506,1506,20220531,4194,ビジョナル,グロース（内国株式）,5250,情報・通信業,10,情報通信・サービスその他 ,-,-
1507,1507,20220531,4196,ネオマーケティング,スタンダード（内国株式）,5250,情報・通信業,10,情報通信・サービスその他 ,-,-
1508,1508,20220531,4197,アスマーク,PRO Market,5250,情報・通信業,10,情報通信・サービスその他 ,-,-
1509,1509,20220531,4198,テンダ,スタンダード（内国株式）,5250,情報・通信業,10,情報通信・サービスその他 ,-,-
1510,1510,20220531,4199,ワンダープラネット,グロース（内国株式）,5250,情報・通信業,10,情報通信・サービスその他 ,-,-
1511,1511,20220531,4200,ＨＣＳホールディングス,スタンダード（内国株式）,5250,情報・通信業,10,情報通信・サービスその他 ,-,-
1543,1543,20220531,4255,ＴＨＥＣＯＯ,グロース（内国株式）,5250,情報・通信業,10,情報通信・サービスその他 ,-,-
1544,1544,20220531,4256,サインド,グロース（内国株式）,5250,情報・通信業,10,情報通信・サービスその他 ,-,-
1545,1545,20220531,4257,エヴィクサー,PRO Market,5250,情報・通信業,10,情報通信・サービスその他 ,-,-
1546,1546,20220531,4258,網屋,グロース（内国株式）,5250,情報・通信業,10,情報通信・サービスその他 ,-,-
1547,1547,20220531,4259,エクサウィザーズ,グロース（内国株式）,5250,情報・通信業,10,情報通信・サービスその他 ,-,-
1548,1548,20220531,4260,ハイブリッドテクノロジーズ,グロース（内国株式）,5250,情報・通信業,10,情報通信・サービスその他 ,-,-
1549,1549,20220531,4261,アジアクエスト,グロース（内国株式）,5250,情報・通信業,10,情報通信・サービスその他 ,-,-
1550,1550,20220531,4262,ニフティライフスタイル,グロース（内国株式）,5250,情報・通信業,10,情報通信・サービスその他 ,-,-
1551,1551,20220531,4263,サスメド,グロース（内国株式）,5250,情報・通信業,10,情報通信・サービスその他 ,-,-
1552,1552,20220531,4264,セキュア,グロース（内国株式）,5250,情報・通信業,10,情報通信・サービスその他 ,-,-
1553,1553,20220531,4265,Ｉｎｓｔｉｔｕｔｉｏｎ　ｆｏｒ　ａ　Ｇｌｏｂａｌ　Ｓｏｃｉｅｔｙ,グロース（内国株式）,5250,情報・通信業,10,情報通信・サービスその他 ,-,-
1554,1554,20220531,4267,ライトワークス,グロース（内国株式）,5250,情報・通信業,10,情報通信・サービスその他 ,-,-
1555,1555,20220531,4268,エッジテクノロジー,グロース（内国株式）,5250,情報・通信業,10,情報通信・サービスその他 ,-,-
1556,1556,20220531,4270,ＢｅｅＸ,グロース（内国株式）,5250,情報・通信業,10,情報通信・サービスその他 ,-,-
1560,1560,20220531,4284,ソルクシーズ,プライム（内国株式）,5250,情報・通信業,10,情報通信・サービスその他 ,7,TOPIX Small 2
1562,1562,20220531,4287,ジャストプランニング,スタンダード（内国株式）,5250,情報・通信業,10,情報通信・サービスその他 ,-,-
1563,1563,20220531,4288,アズジェント,スタンダード（内国株式）,5250,情報・通信業,10,情報通信・サービスその他 ,-,-
1566,1566,20220531,4295,フェイス,プライム（内国株式）,5250,情報・通信業,10,情報通信・サービスその他 ,7,TOPIX Small 2
1567,1567,20220531,4298,プロトコーポレーション,プライム（内国株式）,5250,情報・通信業,10,情報通信・サービスその他 ,7,TOPIX Small 2
1568,1568,20220531,4299,ハイマックス,プライム（内国株式）,5250,情報・通信業,10,情報通信・サービスその他 ,7,TOPIX Small 2
1570,1570,20220531,4304,Ｅストアー,スタンダード（内国株式）,5250,情報・通信業,10,情報通信・サービスその他 ,-,-
1571,1571,20220531,4307,野村総合研究所,プライム（内国株式）,5250,情報・通信業,10,情報通信・サービスその他 ,4,TOPIX Mid400
1572,1572,20220531,4308,Ｊストリーム,グロース（内国株式）,5250,情報・通信業,10,情報通信・サービスその他 ,-,-
1574,1574,20220531,4312,サイバネットシステム,スタンダード（内国株式）,5250,情報・通信業,10,情報通信・サービスその他 ,7,TOPIX Small 2
1575,1575,20220531,4316,ビーマップ,グロース（内国株式）,5250,情報・通信業,10,情報通信・サービスその他 ,-,-
1579,1579,20220531,4320,ＣＥホールディングス,プライム（内国株式）,5250,情報・通信業,10,情報通信・サービスその他 ,7,TOPIX Small 2
1580,1580,20220531,4323,日本システム技術,プライム（内国株式）,5250,情報・通信業,10,情報通信・サービスその他 ,7,TOPIX Small 2
1582,1582,20220531,4326,インテージホールディングス,プライム（内国株式）,5250,情報・通信業,10,情報通信・サービスその他 ,7,TOPIX Small 2
1585,1585,20220531,4333,東邦システムサイエンス,プライム（内国株式）,5250,情報・通信業,10,情報通信・サービスその他 ,7,TOPIX Small 2
1586,1586,20220531,4334,ユークス,スタンダード（内国株式）,5250,情報・通信業,10,情報通信・サービスその他 ,-,-
1587,1587,20220531,4335,アイ・ピー・エス,スタンダード（内国株式）,5250,情報・通信業,10,情報通信・サービスその他 ,-,-
1591,1591,20220531,4344,ソースネクスト,プライム（内国株式）,5250,情報・通信業,10,情報通信・サービスその他 ,7,TOPIX Small 2
1595,1595,20220531,4348,インフォコム,プライム（内国株式）,5250,情報・通信業,10,情報通信・サービスその他 ,6,TOPIX Small 1
1599,1599,20220531,4356,応用技術,スタンダード（内国株式）,5250,情報・通信業,10,情報通信・サービスその他 ,-,-
1608,1608,20220531,4370,モビルス,グロース（内国株式）,5250,情報・通信業,10,情報通信・サービスその他 ,-,-
1609,1609,20220531,4371,コアコンセプト・テクノロジー,グロース（内国株式）,5250,情報・通信業,10,情報通信・サービスその他 ,-,-
1610,1610,20220531,4372,ユミルリンク,グロース（内国株式）,5250,情報・通信業,10,情報通信・サービスその他 ,-,-
1611,1611,20220531,4373,シンプレクス・ホールディングス,プライム（内国株式）,5250,情報・通信業,10,情報通信・サービスその他 ,7,TOPIX Small 2
1612,1612,20220531,4374,ＲＯＢＯＴ　ＰＡＹＭＥＮＴ,グロース（内国株式）,5250,情報・通信業,10,情報通信・サービスその他 ,-,-
1613,1613,20220531,4375,セーフィー,グロース（内国株式）,5250,情報・通信業,10,情報通信・サービスその他 ,-,-
1614,1614,20220531,4376,くふうカンパニー,グロース（内国株式）,5250,情報・通信業,10,情報通信・サービスその他 ,-,-
1615,1615,20220531,4377,ワンキャリア,グロース（内国株式）,5250,情報・通信業,10,情報通信・サービスその他 ,-,-
1616,1616,20220531,4378,ＣＩＮＣ,グロース（内国株式）,5250,情報・通信業,10,情報通信・サービスその他 ,-,-
1617,1617,20220531,4379,Ｐｈｏｔｏｓｙｎｔｈ,グロース（内国株式）,5250,情報・通信業,10,情報通信・サービスその他 ,-,-
1618,1618,20220531,4380,Ｍマート,グロース（内国株式）,5250,情報・通信業,10,情報通信・サービスその他 ,-,-
1619,1619,20220531,4381,ビープラッツ,グロース（内国株式）,5250,情報・通信業,10,情報通信・サービスその他 ,-,-
1620,1620,20220531,4382,ＨＥＲＯＺ,プライム（内国株式）,5250,情報・通信業,10,情報通信・サービスその他 ,7,TOPIX Small 2
1621,1621,20220531,4384,ラクスル,プライム（内国株式）,5250,情報・通信業,10,情報通信・サービスその他 ,6,TOPIX Small 1
1622,1622,20220531,4385,メルカリ,グロース（内国株式）,5250,情報・通信業,10,情報通信・サービスその他 ,-,-
1623,1623,20220531,4386,ＳＩＧグループ,スタンダード（内国株式）,5250,情報・通信業,10,情報通信・サービスその他 ,-,-
1624,1624,20220531,4387,ＺＵＵ,グロース（内国株式）,5250,情報・通信業,10,情報通信・サービスその他 ,-,-
1625,1625,20220531,4388,エーアイ,グロース（内国株式）,5250,情報・通信業,10,情報通信・サービスその他 ,-,-
1626,1626,20220531,4389,プロパティデータバンク,グロース（内国株式）,5250,情報・通信業,10,情報通信・サービスその他 ,-,-
1627,1627,20220531,4390,ＩＰＳ,プライム（内国株式）,5250,情報・通信業,10,情報通信・サービスその他 ,7,TOPIX Small 2
1628,1628,20220531,4391,ロジザード,グロース（内国株式）,5250,情報・通信業,10,情報通信・サービスその他 ,-,-
1629,1629,20220531,4392,ＦＩＧ,プライム（内国株式）,5250,情報・通信業,10,情報通信・サービスその他 ,7,TOPIX Small 2
1630,1630,20220531,4393,バンク・オブ・イノベーション,グロース（内国株式）,5250,情報・通信業,10,情報通信・サービスその他 ,-,-
1631,1631,20220531,4394,エクスモーション,グロース（内国株式）,5250,情報・通信業,10,情報通信・サービスその他 ,-,-
1632,1632,20220531,4395,アクリート,グロース（内国株式）,5250,情報・通信業,10,情報通信・サービスその他 ,-,-
1633,1633,20220531,4396,システムサポート,プライム（内国株式）,5250,情報・通信業,10,情報通信・サービスその他 ,7,TOPIX Small 2
1634,1634,20220531,4397,チームスピリット,グロース（内国株式）,5250,情報・通信業,10,情報通信・サービスその他 ,-,-
1635,1635,20220531,4398,ブロードバンドセキュリティ,スタンダード（内国株式）,5250,情報・通信業,10,情報通信・サービスその他 ,-,-
1642,1642,20220531,4412,サイエンスアーツ,グロース（内国株式）,5250,情報・通信業,10,情報通信・サービスその他 ,-,-
1643,1643,20220531,4413,ボードルア,グロース（内国株式）,5250,情報・通信業,10,情報通信・サービスその他 ,-,-
1644,1644,20220531,4414,フレクト,グロース（内国株式）,5250,情報・通信業,10,情報通信・サービスその他 ,-,-
1645,1645,20220531,4415,ブロードエンタープライズ,グロース（内国株式）,5250,情報・通信業,10,情報通信・サービスその他 ,-,-
1646,1646,20220531,4416,Ｔｒｕｅ　Ｄａｔａ,グロース（内国株式）,5250,情報・通信業,10,情報通信・サービスその他 ,-,-
1647,1647,20220531,4417,グローバルセキュリティエキスパート,グロース（内国株式）,5250,情報・通信業,10,情報通信・サービスその他 ,-,-
1648,1648,20220531,4418,ＪＤＳＣ,グロース（内国株式）,5250,情報・通信業,10,情報通信・サービスその他 ,-,-
1649,1649,20220531,4419,Ｆｉｎａｔｅｘｔホールディングス,グロース（内国株式）,5250,情報・通信業,10,情報通信・サービスその他 ,-,-
1650,1650,20220531,4420,イーソル,プライム（内国株式）,5250,情報・通信業,10,情報通信・サービスその他 ,7,TOPIX Small 2
1651,1651,20220531,4421,ディ・アイ・システム,スタンダード（内国株式）,5250,情報・通信業,10,情報通信・サービスその他 ,-,-
1652,1652,20220531,4422,ＶＡＬＵＥＮＥＸ,グロース（内国株式）,5250,情報・通信業,10,情報通信・サービスその他 ,-,-
1653,1653,20220531,4423,アルテリア・ネットワークス,プライム（内国株式）,5250,情報・通信業,10,情報通信・サービスその他 ,6,TOPIX Small 1
1654,1654,20220531,4424,Ａｍａｚｉａ,グロース（内国株式）,5250,情報・通信業,10,情報通信・サービスその他 ,-,-
1655,1655,20220531,4425,Ｋｕｄａｎ,グロース（内国株式）,5250,情報・通信業,10,情報通信・サービスその他 ,-,-
1656,1656,20220531,4426,パスロジ,PRO Market,5250,情報・通信業,10,情報通信・サービスその他 ,-,-
1657,1657,20220531,4427,ＥｄｕＬａｂ,グロース（内国株式）,5250,情報・通信業,10,情報通信・サービスその他 ,-,-
1658,1658,20220531,4428,シノプス,グロース（内国株式）,5250,情報・通信業,10,情報通信・サービスその他 ,-,-
1659,1659,20220531,4429,リックソフト,グロース（内国株式）,5250,情報・通信業,10,情報通信・サービスその他 ,-,-
1660,1660,20220531,4430,東海ソフト,スタンダード（内国株式）,5250,情報・通信業,10,情報通信・サービスその他 ,7,TOPIX Small 2
1661,1661,20220531,4431,スマレジ,グロース（内国株式）,5250,情報・通信業,10,情報通信・サービスその他 ,-,-
1662,1662,20220531,4432,ウイングアーク１ｓｔ,プライム（内国株式）,5250,情報・通信業,10,情報通信・サービスその他 ,6,TOPIX Small 1
1663,1663,20220531,4433,ヒト・コミュニケーションズ・ホールディングス,プライム（内国株式）,5250,情報・通信業,10,情報通信・サービスその他 ,7,TOPIX Small 2
1664,1664,20220531,4434,サーバーワークス,プライム（内国株式）,5250,情報・通信業,10,情報通信・サービスその他 ,7,TOPIX Small 2
1665,1665,20220531,4435,カオナビ,グロース（内国株式）,5250,情報・通信業,10,情報通信・サービスその他 ,-,-
1666,1666,20220531,4436,ミンカブ・ジ・インフォノイド,グロース（内国株式）,5250,情報・通信業,10,情報通信・サービスその他 ,-,-
1667,1667,20220531,4437,ｇｏｏｄｄａｙｓホールディングス,グロース（内国株式）,5250,情報・通信業,10,情報通信・サービスその他 ,-,-
1668,1668,20220531,4438,Ｗｅｌｂｙ,グロース（内国株式）,5250,情報・通信業,10,情報通信・サービスその他 ,-,-
1669,1669,20220531,4439,東名,プライム（内国株式）,5250,情報・通信業,10,情報通信・サービスその他 ,7,TOPIX Small 2
1670,1670,20220531,4440,ヴィッツ,スタンダード（内国株式）,5250,情報・通信業,10,情報通信・サービスその他 ,7,TOPIX Small 2
1671,1671,20220531,4441,トビラシステムズ,プライム（内国株式）,5250,情報・通信業,10,情報通信・サービスその他 ,7,TOPIX Small 2
1672,1672,20220531,4442,バルテス,グロース（内国株式）,5250,情報・通信業,10,情報通信・サービスその他 ,-,-
1673,1673,20220531,4443,Ｓａｎｓａｎ,プライム（内国株式）,5250,情報・通信業,10,情報通信・サービスその他 ,4,TOPIX Mid400
1674,1674,20220531,4444,インフォネット,グロース（内国株式）,5250,情報・通信業,10,情報通信・サービスその他 ,-,-
1675,1675,20220531,4445,リビン・テクノロジーズ,グロース（内国株式）,5250,情報・通信業,10,情報通信・サービスその他 ,-,-
1676,1676,20220531,4446,Ｌｉｎｋ－Ｕ,プライム（内国株式）,5250,情報・通信業,10,情報通信・サービスその他 ,7,TOPIX Small 2
1677,1677,20220531,4448,Ｃｈａｔｗｏｒｋ,グロース（内国株式）,5250,情報・通信業,10,情報通信・サービスその他 ,-,-
1678,1678,20220531,4449,ギフティ,プライム（内国株式）,5250,情報・通信業,10,情報通信・サービスその他 ,6,TOPIX Small 1
1679,1679,20220531,4450,パワーソリューションズ,グロース（内国株式）,5250,情報・通信業,10,情報通信・サービスその他 ,-,-
1687,1687,20220531,4475,ＨＥＮＮＧＥ,グロース（内国株式）,5250,情報・通信業,10,情報通信・サービスその他 ,-,-
1688,1688,20220531,4476,ＡＩ　ＣＲＯＳＳ,グロース（内国株式）,5250,情報・通信業,10,情報通信・サービスその他 ,-,-
1689,1689,20220531,4477,ＢＡＳＥ,グロース（内国株式）,5250,情報・通信業,10,情報通信・サービスその他 ,-,-
1690,1690,20220531,4478,フリー,グロース（内国株式）,5250,情報・通信業,10,情報通信・サービスその他 ,-,-
1691,1691,20220531,4479,マクアケ,グロース（内国株式）,5250,情報・通信業,10,情報通信・サービスその他 ,-,-
1692,1692,20220531,4480,メドレー,グロース（内国株式）,5250,情報・通信業,10,情報通信・サービスその他 ,-,-
1693,1693,20220531,4481,ベース,プライム（内国株式）,5250,情報・通信業,10,情報通信・サービスその他 ,7,TOPIX Small 2
1694,1694,20220531,4482,ウィルズ,グロース（内国株式）,5250,情報・通信業,10,情報通信・サービスその他 ,-,-
1695,1695,20220531,4483,ＪＭＤＣ,プライム（内国株式）,5250,情報・通信業,10,情報通信・サービスその他 ,7,TOPIX Small 2
1696,1696,20220531,4484,ランサーズ,グロース（内国株式）,5250,情報・通信業,10,情報通信・サービスその他 ,-,-
1697,1697,20220531,4485,ＪＴＯＷＥＲ,グロース（内国株式）,5250,情報・通信業,10,情報通信・サービスその他 ,-,-
1698,1698,20220531,4486,ユナイトアンドグロウ,グロース（内国株式）,5250,情報・通信業,10,情報通信・サービスその他 ,-,-
1699,1699,20220531,4487,スペースマーケット,グロース（内国株式）,5250,情報・通信業,10,情報通信・サービスその他 ,-,-
1700,1700,20220531,4488,ＡＩ　ｉｎｓｉｄｅ,グロース（内国株式）,5250,情報・通信業,10,情報通信・サービスその他 ,-,-
1701,1701,20220531,4489,ペイロール,グロース（内国株式）,5250,情報・通信業,10,情報通信・サービスその他 ,-,-
1702,1702,20220531,4490,ビザスク,グロース（内国株式）,5250,情報・通信業,10,情報通信・サービスその他 ,-,-
1703,1703,20220531,4491,コンピューターマネージメント,スタンダード（内国株式）,5250,情報・通信業,10,情報通信・サービスその他 ,-,-
1704,1704,20220531,4492,ゼネテック,スタンダード（内国株式）,5250,情報・通信業,10,情報通信・サービスその他 ,-,-
1705,1705,20220531,4493,サイバーセキュリティクラウド,グロース（内国株式）,5250,情報・通信業,10,情報通信・サービスその他 ,-,-
1706,1706,20220531,4494,バリオセキュア,スタンダード（内国株式）,5250,情報・通信業,10,情報通信・サービスその他 ,-,-
1707,1707,20220531,4495,アイキューブドシステムズ,グロース（内国株式）,5250,情報・通信業,10,情報通信・サービスその他 ,-,-
1708,1708,20220531,4496,コマースＯｎｅホールディングス,グロース（内国株式）,5250,情報・通信業,10,情報通信・サービスその他 ,-,-
1709,1709,20220531,4498,サイバートラスト,グロース（内国株式）,5250,情報・通信業,10,情報通信・サービスその他 ,-,-
1710,1710,20220531,4499,Ｓｐｅｅｅ,スタンダード（内国株式）,5250,情報・通信業,10,情報通信・サービスその他 ,-,-
1798,1798,20220531,4644,イマジニア,スタンダード（内国株式）,5250,情報・通信業,10,情報通信・サービスその他 ,-,-
1807,1807,20220531,4662,フォーカスシステムズ,プライム（内国株式）,5250,情報・通信業,10,情報通信・サービスその他 ,7,TOPIX Small 2
1811,1811,20220531,4667,アイサンテクノロジー,スタンダード（内国株式）,5250,情報・通信業,10,情報通信・サービスその他 ,-,-
1815,1815,20220531,4674,クレスコ,プライム（内国株式）,5250,情報・通信業,10,情報通信・サービスその他 ,7,TOPIX Small 2
1816,1816,20220531,4676,フジ・メディア・ホールディングス,プライム（内国株式）,5250,情報・通信業,10,情報通信・サービスその他 ,4,TOPIX Mid400
1821,1821,20220531,4684,オービック,プライム（内国株式）,5250,情報・通信業,10,情報通信・サービスその他 ,4,TOPIX Mid400
1822,1822,20220531,4685,菱友システムズ,スタンダード（内国株式）,5250,情報・通信業,10,情報通信・サービスその他 ,-,-
1823,1823,20220531,4686,ジャストシステム,プライム（内国株式）,5250,情報・通信業,10,情報通信・サービスその他 ,4,TOPIX Mid400
1824,1824,20220531,4687,ＴＤＣソフト,プライム（内国株式）,5250,情報・通信業,10,情報通信・サービスその他 ,7,TOPIX Small 2
1825,1825,20220531,4689,Ｚホールディングス,プライム（内国株式）,5250,情報・通信業,10,情報通信・サービスその他 ,2,TOPIX Large70
1829,1829,20220531,4704,トレンドマイクロ,プライム（内国株式）,5250,情報・通信業,10,情報通信・サービスその他 ,4,TOPIX Mid400
1833,1833,20220531,4709,ＩＤホールディングス,プライム（内国株式）,5250,情報・通信業,10,情報通信・サービスその他 ,7,TOPIX Small 2
1836,1836,20220531,4716,日本オラクル,スタンダード（内国株式）,5250,情報・通信業,10,情報通信・サービスその他 ,4,TOPIX Mid400
1838,1838,20220531,4719,アルファシステムズ,プライム（内国株式）,5250,情報・通信業,10,情報通信・サービスその他 ,7,TOPIX Small 2
1840,1840,20220531,4722,フューチャー,プライム（内国株式）,5250,情報・通信業,10,情報通信・サービスその他 ,6,TOPIX Small 1
1841,1841,20220531,4725,ＣＡＣ　Ｈｏｌｄｉｎｇｓ,プライム（内国株式）,5250,情報・通信業,10,情報通信・サービスその他 ,7,TOPIX Small 2
1842,1842,20220531,4726,ＳＢテクノロジー,プライム（内国株式）,5250,情報・通信業,10,情報通信・サービスその他 ,7,TOPIX Small 2
1843,1843,20220531,4728,トーセ,スタンダード（内国株式）,5250,情報・通信業,10,情報通信・サービスその他 ,7,TOPIX Small 2
1845,1845,20220531,4733,オービックビジネスコンサルタント,プライム（内国株式）,5250,情報・通信業,10,情報通信・サービスその他 ,6,TOPIX Small 1
1847,1847,20220531,4736,日本ラッド,スタンダード（内国株式）,5250,情報・通信業,10,情報通信・サービスその他 ,-,-
1848,1848,20220531,4739,伊藤忠テクノソリューションズ,プライム（内国株式）,5250,情報・通信業,10,情報通信・サービスその他 ,4,TOPIX Mid400
1849,1849,20220531,4743,アイティフォー,プライム（内国株式）,5250,情報・通信業,10,情報通信・サービスその他 ,7,TOPIX Small 2
1851,1851,20220531,4746,東計電算,スタンダード（内国株式）,5250,情報・通信業,10,情報通信・サービスその他 ,7,TOPIX Small 2
1852,1852,20220531,4748,構造計画研究所,スタンダード（内国株式）,5250,情報・通信業,10,情報通信・サービスその他 ,-,-
1855,1855,20220531,4752,昭和システムエンジニアリング,スタンダード（内国株式）,5250,情報・通信業,10,情報通信・サービスその他 ,-,-
1859,1859,20220531,4761,さくらケーシーエス,スタンダード（内国株式）,5250,情報・通信業,10,情報通信・サービスその他 ,-,-
1860,1860,20220531,4762,エックスネット,スタンダード（内国株式）,5250,情報・通信業,10,情報通信・サービスその他 ,7,TOPIX Small 2
1865,1865,20220531,4768,大塚商会,プライム（内国株式）,5250,情報・通信業,10,情報通信・サービスその他 ,4,TOPIX Mid400
1866,1866,20220531,4769,ＩＣ,スタンダード（内国株式）,5250,情報・通信業,10,情報通信・サービスその他 ,-,-
1867,1867,20220531,4770,図研エルミック,スタンダード（内国株式）,5250,情報・通信業,10,情報通信・サービスその他 ,-,-
1869,1869,20220531,4772,ストリームメディアコーポレーション,グロース（内国株式）,5250,情報・通信業,10,情報通信・サービスその他 ,-,-
1870,1870,20220531,4776,サイボウズ,プライム（内国株式）,5250,情報・通信業,10,情報通信・サービスその他 ,6,TOPIX Small 1
1871,1871,20220531,4777,ガーラ,スタンダード（内国株式）,5250,情報・通信業,10,情報通信・サービスその他 ,-,-
1873,1873,20220531,4783,日本コンピュータ・ダイナミクス,スタンダード（内国株式）,5250,情報・通信業,10,情報通信・サービスその他 ,-,-
1876,1876,20220531,4800,オリコン,スタンダード（内国株式）,5250,情報・通信業,10,情報通信・サービスその他 ,-,-
1879,1879,20220531,4812,電通国際情報サービス,プライム（内国株式）,5250,情報・通信業,10,情報通信・サービスその他 ,6,TOPIX Small 1
1880,1880,20220531,4813,ＡＣＣＥＳＳ,プライム（内国株式）,5250,情報・通信業,10,情報通信・サービスその他 ,6,TOPIX Small 1
1881,1881,20220531,4814,ネクストウェア,スタンダード（内国株式）,5250,情報・通信業,10,情報通信・サービスその他 ,-,-
1882,1882,20220531,4816,東映アニメーション,スタンダード（内国株式）,5250,情報・通信業,10,情報通信・サービスその他 ,-,-
1883,1883,20220531,4819,デジタルガレージ,プライム（内国株式）,5250,情報・通信業,10,情報通信・サービスその他 ,6,TOPIX Small 1
1884,1884,20220531,4820,イーエムシステムズ,プライム（内国株式）,5250,情報・通信業,10,情報通信・サービスその他 ,7,TOPIX Small 2
1885,1885,20220531,4824,メディアシーク,グロース（内国株式）,5250,情報・通信業,10,情報通信・サービスその他 ,-,-
1886,1886,20220531,4825,ウェザーニューズ,プライム（内国株式）,5250,情報・通信業,10,情報通信・サービスその他 ,7,TOPIX Small 2
1887,1887,20220531,4826,ＣＩＪ,プライム（内国株式）,5250,情報・通信業,10,情報通信・サービスその他 ,7,TOPIX Small 2
1888,1888,20220531,4828,ビジネスエンジニアリング,プライム（内国株式）,5250,情報・通信業,10,情報通信・サービスその他 ,7,TOPIX Small 2
1889,1889,20220531,4829,日本エンタープライズ,スタンダード（内国株式）,5250,情報・通信業,10,情報通信・サービスその他 ,7,TOPIX Small 2
1890,1890,20220531,4832,ＪＦＥシステムズ,スタンダード（内国株式）,5250,情報・通信業,10,情報通信・サービスその他 ,-,-
1893,1893,20220531,4838,スペースシャワーネットワーク,スタンダード（内国株式）,5250,情報・通信業,10,情報通信・サービスその他 ,-,-
1894,1894,20220531,4839,ＷＯＷＯＷ,プライム（内国株式）,5250,情報・通信業,10,情報通信・サービスその他 ,7,TOPIX Small 2
1896,1896,20220531,4845,スカラ,プライム（内国株式）,5250,情報・通信業,10,情報通信・サービスその他 ,7,TOPIX Small 2
1897,1897,20220531,4847,インテリジェント　ウェイブ,プライム（内国株式）,5250,情報・通信業,10,情報通信・サービスその他 ,7,TOPIX Small 2
1977,1977,20220531,5025,マーキュリーリアルテックイノベーター,グロース（内国株式）,5250,情報・通信業,10,情報通信・サービスその他 ,-,-
1978,1978,20220531,5026,トリプルアイズ,グロース（内国株式）,5250,情報・通信業,10,情報通信・サービスその他 ,-,-
1979,1979,20220531,5028,セカンドサイトアナリティカ,グロース（内国株式）,5250,情報・通信業,10,情報通信・サービスその他 ,-,-
1980,1980,20220531,5029,サークレイス,グロース（内国株式）,5250,情報・通信業,10,情報通信・サービスその他 ,-,-
1981,1981,20220531,5031,モイ,グロース（内国株式）,5250,情報・通信業,10,情報通信・サービスその他 ,-,-
2744,2744,20220531,6879,ＩＭＡＧＩＣＡ　ＧＲＯＵＰ,プライム（内国株式）,5250,情報・通信業,10,情報通信・サービスその他 ,7,TOPIX Small 2
2747,2747,20220531,6888,アクモス,スタンダード（内国株式）,5250,情報・通信業,10,情報通信・サービスその他 ,-,-
2778,2778,20220531,6942,ソフィアホールディングス,スタンダード（内国株式）,5250,情報・通信業,10,情報通信・サービスその他 ,-,-
3109,3109,20220531,7518,ネットワンシステムズ,プライム（内国株式）,5250,情報・通信業,10,情報通信・サービスその他 ,4,TOPIX Mid400
3116,3116,20220531,7527,システムソフト,プライム（内国株式）,5250,情報・通信業,10,情報通信・サービスその他 ,7,TOPIX Small 2
3143,3143,20220531,7595,アルゴグラフィックス,プライム（内国株式）,5250,情報・通信業,10,情報通信・サービスその他 ,6,TOPIX Small 1
3290,3290,20220531,7844,マーベラス,プライム（内国株式）,5250,情報・通信業,10,情報通信・サービスその他 ,7,TOPIX Small 2
3293,3293,20220531,7849,スターツ出版,スタンダード（内国株式）,5250,情報・通信業,10,情報通信・サービスその他 ,-,-
3299,3299,20220531,7860,エイベックス,プライム（内国株式）,5250,情報・通信業,10,情報通信・サービスその他 ,6,TOPIX Small 1
3425,3425,20220531,8056,ＢＩＰＲＯＧＹ,プライム（内国株式）,5250,情報・通信業,10,情報通信・サービスその他 ,4,TOPIX Mid400
3450,3450,20220531,8096,兼松エレクトロニクス,プライム（内国株式）,5250,情報・通信業,10,情報通信・サービスその他 ,7,TOPIX Small 2
3490,3490,20220531,8157,都築電気,プライム（内国株式）,5250,情報・通信業,10,情報通信・サービスその他 ,7,TOPIX Small 2
3907,3907,20220531,9360,鈴与シンワート,スタンダード（内国株式）,5250,情報・通信業,10,情報通信・サービスその他 ,-,-
3926,3926,20220531,9399,ビート・ホールディングス・リミテッド,スタンダード（外国株式）,5250,情報・通信業,10,情報通信・サービスその他 ,-,-
3927,3927,20220531,9401,ＴＢＳホールディングス,プライム（内国株式）,5250,情報・通信業,10,情報通信・サービスその他 ,4,TOPIX Mid400
3928,3928,20220531,9404,日本テレビホールディングス,プライム（内国株式）,5250,情報・通信業,10,情報通信・サービスその他 ,4,TOPIX Mid400
3929,3929,20220531,9405,朝日放送グループホールディングス,プライム（内国株式）,5250,情報・通信業,10,情報通信・サービスその他 ,7,TOPIX Small 2
3930,3930,20220531,9408,新潟放送,スタンダード（内国株式）,5250,情報・通信業,10,情報通信・サービスその他 ,-,-
3931,3931,20220531,9409,テレビ朝日ホールディングス,プライム（内国株式）,5250,情報・通信業,10,情報通信・サービスその他 ,4,TOPIX Mid400
3932,3932,20220531,9412,スカパーＪＳＡＴホールディングス,プライム（内国株式）,5250,情報・通信業,10,情報通信・サービスその他 ,6,TOPIX Small 1
3933,3933,20220531,9413,テレビ東京ホールディングス,プライム（内国株式）,5250,情報・通信業,10,情報通信・サービスその他 ,7,TOPIX Small 2
3934,3934,20220531,9414,日本ＢＳ放送,スタンダード（内国株式）,5250,情報・通信業,10,情報通信・サービスその他 ,7,TOPIX Small 2
3935,3935,20220531,9416,ビジョン,プライム（内国株式）,5250,情報・通信業,10,情報通信・サービスその他 ,6,TOPIX Small 1
3936,3936,20220531,9417,スマートバリュー,スタンダード（内国株式）,5250,情報・通信業,10,情報通信・サービスその他 ,7,TOPIX Small 2
3937,3937,20220531,9418,ＵＳＥＮ－ＮＥＸＴ　ＨＯＬＤＩＮＧＳ,プライム（内国株式）,5250,情報・通信業,10,情報通信・サービスその他 ,6,TOPIX Small 1
3938,3938,20220531,9419,ワイヤレスゲート,プライム（内国株式）,5250,情報・通信業,10,情報通信・サービスその他 ,7,TOPIX Small 2
3939,3939,20220531,9421,エヌジェイホールディングス,スタンダード（内国株式）,5250,情報・通信業,10,情報通信・サービスその他 ,-,-
3940,3940,20220531,9422,コネクシオ,プライム（内国株式）,5250,情報・通信業,10,情報通信・サービスその他 ,7,TOPIX Small 2
3941,3941,20220531,9423,フォーバル・リアルストレート,スタンダード（内国株式）,5250,情報・通信業,10,情報通信・サービスその他 ,-,-
3942,3942,20220531,9424,日本通信,プライム（内国株式）,5250,情報・通信業,10,情報通信・サービスその他 ,6,TOPIX Small 1
3943,3943,20220531,9425,日本テレホン,スタンダード（内国株式）,5250,情報・通信業,10,情報通信・サービスその他 ,-,-
3944,3944,20220531,9428,クロップス,スタンダード（内国株式）,5250,情報・通信業,10,情報通信・サービスその他 ,7,TOPIX Small 2
3945,3945,20220531,9432,日本電信電話,プライム（内国株式）,5250,情報・通信業,10,情報通信・サービスその他 ,1,TOPIX Core30
3946,3946,20220531,9433,ＫＤＤＩ,プライム（内国株式）,5250,情報・通信業,10,情報通信・サービスその他 ,1,TOPIX Core30
3947,3947,20220531,9434,ソフトバンク,プライム（内国株式）,5250,情報・通信業,10,情報通信・サービスその他 ,2,TOPIX Large70
3948,3948,20220531,9435,光通信,プライム（内国株式）,5250,情報・通信業,10,情報通信・サービスその他 ,4,TOPIX Mid400
3949,3949,20220531,9436,沖縄セルラー電話,スタンダード（内国株式）,5250,情報・通信業,10,情報通信・サービスその他 ,-,-
3950,3950,20220531,9438,エムティーアイ,プライム（内国株式）,5250,情報・通信業,10,情報通信・サービスその他 ,7,TOPIX Small 2
3952,3952,20220531,9441,ベルパーク,スタンダード（内国株式）,5250,情報・通信業,10,情報通信・サービスその他 ,-,-
3953,3953,20220531,9444,トーシンホールディングス,スタンダード（内国株式）,5250,情報・通信業,10,情報通信・サービスその他 ,-,-
3954,3954,20220531,9445,フォーバルテレコム,スタンダード（内国株式）,5250,情報・通信業,10,情報通信・サービスその他 ,-,-
3955,3955,20220531,9446,サカイホールディングス,スタンダード（内国株式）,5250,情報・通信業,10,情報通信・サービスその他 ,-,-
3956,3956,20220531,9449,ＧＭＯインターネット,プライム（内国株式）,5250,情報・通信業,10,情報通信・サービスその他 ,4,TOPIX Mid400
3957,3957,20220531,9450,ファイバーゲート,プライム（内国株式）,5250,情報・通信業,10,情報通信・サービスその他 ,7,TOPIX Small 2
3958,3958,20220531,9465,Ｋｉｐｓ,PRO Market,5250,情報・通信業,10,情報通信・サービスその他 ,-,-
3959,3959,20220531,9466,アイドママーケティングコミュニケーション,スタンダード（内国株式）,5250,情報・通信業,10,情報通信・サービスその他 ,7,TOPIX Small 2
3960,3960,20220531,9467,アルファポリス,グロース（内国株式）,5250,情報・通信業,10,情報通信・サービスその他 ,-,-
3961,3961,20220531,9468,ＫＡＤＯＫＡＷＡ,プライム（内国株式）,5250,情報・通信業,10,情報通信・サービスその他 ,4,TOPIX Mid400
3962,3962,20220531,9470,学研ホールディングス,プライム（内国株式）,5250,情報・通信業,10,情報通信・サービスその他 ,6,TOPIX Small 1
3963,3963,20220531,9474,ゼンリン,プライム（内国株式）,5250,情報・通信業,10,情報通信・サービスその他 ,6,TOPIX Small 1
3964,3964,20220531,9475,昭文社ホールディングス,スタンダード（内国株式）,5250,情報・通信業,10,情報通信・サービスその他 ,7,TOPIX Small 2
3965,3965,20220531,9476,中央経済社ホールディングス,スタンダード（内国株式）,5250,情報・通信業,10,情報通信・サービスその他 ,-,-
3966,3966,20220531,9478,ＳＥホールディングス・アンド・インキュベーションズ,スタンダード（内国株式）,5250,情報・通信業,10,情報通信・サービスその他 ,-,-
3967,3967,20220531,9479,インプレスホールディングス,スタンダード（内国株式）,5250,情報・通信業,10,情報通信・サービスその他 ,7,TOPIX Small 2
3993,3993,20220531,9600,アイネット,プライム（内国株式）,5250,情報・通信業,10,情報通信・サービスその他 ,7,TOPIX Small 2
3994,3994,20220531,9601,松竹,プライム（内国株式）,5250,情報・通信業,10,情報通信・サービスその他 ,4,TOPIX Mid400
3995,3995,20220531,9602,東宝,プライム（内国株式）,5250,情報・通信業,10,情報通信・サービスその他 ,4,TOPIX Mid400
3997,3997,20220531,9605,東映,プライム（内国株式）,5250,情報・通信業,10,情報通信・サービスその他 ,6,TOPIX Small 1
4000,4000,20220531,9613,エヌ・ティ・ティ・データ,プライム（内国株式）,5250,情報・通信業,10,情報通信・サービスその他 ,4,TOPIX Mid400
4008,4008,20220531,9629,ピー・シー・エー,プライム（内国株式）,5250,情報・通信業,10,情報通信・サービスその他 ,7,TOPIX Small 2
4016,4016,20220531,9640,セゾン情報システムズ,スタンダード（内国株式）,5250,情報・通信業,10,情報通信・サービスその他 ,-,-
4020,4020,20220531,9651,日本プロセス,スタンダード（内国株式）,5250,情報・通信業,10,情報通信・サービスその他 ,-,-
4022,4022,20220531,9658,ビジネスブレイン太田昭和,プライム（内国株式）,5250,情報・通信業,10,情報通信・サービスその他 ,7,TOPIX Small 2
4029,4029,20220531,9682,ＤＴＳ,プライム（内国株式）,5250,情報・通信業,10,情報通信・サービスその他 ,6,TOPIX Small 1
4030,4030,20220531,9684,スクウェア・エニックス・ホールディングス,プライム（内国株式）,5250,情報・通信業,10,情報通信・サービスその他 ,4,TOPIX Mid400
4031,4031,20220531,9685,ＫＹＣＯＭホールディングス,スタンダード（内国株式）,5250,情報・通信業,10,情報通信・サービスその他 ,-,-
4033,4033,20220531,9687,ＫＳＫ,スタンダード（内国株式）,5250,情報・通信業,10,情報通信・サービスその他 ,-,-
4034,4034,20220531,9691,両毛システムズ,スタンダード（内国株式）,5250,情報・通信業,10,情報通信・サービスその他 ,-,-
4035,4035,20220531,9692,シーイーシー,プライム（内国株式）,5250,情報・通信業,10,情報通信・サービスその他 ,6,TOPIX Small 1
4037,4037,20220531,9697,カプコン,プライム（内国株式）,5250,情報・通信業,10,情報通信・サービスその他 ,4,TOPIX Mid400
4038,4038,20220531,9698,クレオ,スタンダード（内国株式）,5250,情報・通信業,10,情報通信・サービスその他 ,-,-
4041,4041,20220531,9702,アイ・エス・ビー,プライム（内国株式）,5250,情報・通信業,10,情報通信・サービスその他 ,7,TOPIX Small 2
4045,4045,20220531,9709,ＮＣＳ＆Ａ,スタンダード（内国株式）,5250,情報・通信業,10,情報通信・サービスその他 ,-,-
4049,4049,20220531,9717,ジャステック,プライム（内国株式）,5250,情報・通信業,10,情報通信・サービスその他 ,7,TOPIX Small 2
4050,4050,20220531,9719,ＳＣＳＫ,プライム（内国株式）,5250,情報・通信業,10,情報通信・サービスその他 ,4,TOPIX Mid400
4061,4061,20220531,9739,日本システムウエア,プライム（内国株式）,5250,情報・通信業,10,情報通信・サービスその他 ,7,TOPIX Small 2
4063,4063,20220531,9742,アイネス,プライム（内国株式）,5250,情報・通信業,10,情報通信・サービスその他 ,6,TOPIX Small 1
4066,4066,20220531,9746,ＴＫＣ,プライム（内国株式）,5250,情報・通信業,10,情報通信・サービスその他 ,6,TOPIX Small 1
4067,4067,20220531,9749,富士ソフト,プライム（内国株式）,5250,情報・通信業,10,情報通信・サービスその他 ,6,TOPIX Small 1
4068,4068,20220531,9753,アイエックス・ナレッジ,スタンダード（内国株式）,5250,情報・通信業,10,情報通信・サービスその他 ,-,-
4071,4071,20220531,9759,ＮＳＤ,プライム（内国株式）,5250,情報・通信業,10,情報通信・サービスその他 ,6,TOPIX Small 1
4076,4076,20220531,9766,コナミホールディングス,プライム（内国株式）,5250,情報・通信業,10,情報通信・サービスその他 ,4,TOPIX Mid400
4087,4087,20220531,9790,福井コンピュータホールディングス,プライム（内国株式）,5250,情報・通信業,10,情報通信・サービスその他 ,6,TOPIX Small 1
4091,4091,20220531,9799,旭情報サービス,スタンダード（内国株式）,5250,情報・通信業,10,情報通信・サービスその他 ,-,-
4129,4129,20220531,9889,ＪＢＣＣホールディングス,プライム（内国株式）,5250,情報・通信業,10,情報通信・サービスその他 ,7,TOPIX Small 2
4143,4143,20220531,9928,ミロク情報サービス,プライム（内国株式）,5250,情報・通信業,10,情報通信・サービスその他 ,6,TOPIX Small 1
4172,4172,20220531,9984,ソフトバンクグループ,プライム（内国株式）,5250,情報・通信業,10,情報通信・サービスその他 ,1,TOPIX Core30
